{
  "replica_rev": "0a6d829cddc1534c29e0d2c3c3ebd1024bff8d1a",
  "type": "replica",
  "config": {
    "http_handler": {
      "port": null,
      "write_port_to": "/home/jjay786/hackathon/hackathon-2024-october/.dfx/network/local/replica-configuration/replica-1.port"
    },
    "state_manager": {
      "state_root": "/home/jjay786/hackathon/hackathon-2024-october/.dfx/network/local/state/replicated_state"
    },
    "crypto": {
      "crypto_root": "/home/jjay786/hackathon/hackathon-2024-october/.dfx/network/local/state/crypto_store"
    },
    "artifact_pool": {
      "consensus_pool_path": "/home/jjay786/hackathon/hackathon-2024-october/.dfx/network/local/state/consensus_pool"
    },
    "subnet_type": "application",
    "btc_adapter": {
      "enabled": false,
      "socket_path": null
    },
    "canister_http_adapter": {
      "enabled": true,
      "socket_path": "/tmp/ic-https-outcalls-adapter-socket.139857.1730022220"
    },
    "log_level": "error",
    "artificial_delay": 600
  }
}